{
  "name": "SRT",
  "title": "Smoke Raven Test",
  "description": "A simple module created as a demo for working in the Foundry Virtual Tabletop framework.",
  "author": "Atropos",
  "version": "1.0.0",
  "minimumCoreVersion": "0.8.5",
  "compatibleCoreVersion": "0.8.6",
  "url": "https://www.smokeraven.com",
  "manifest": "https://raw.githubusercontent.com/smokeraven667/testfoundry/master/module.json",
  "download": "https://raw.githubusercontent.com/smokeraven667/testfoundry/master/SRT.zip"
}